<?xml version='1.0' encoding='utf-8'?>
<!DOCTYPE hibernate-configuration PUBLIC
    "-//Hibernate/Hibernate Configuration DTD//EN"
    "http://hibernate.sourceforge.net/hibernate-configuration-3.0.dtd">
 
<hibernate-configuration>
    <session-factory>
		<!-- <mapping class="com.howtodoinjava.entity.EmployeeEntity" /> -->
		<mapping class="com.pack.entity.Login" />
		<mapping class="com.pack.entity.AdminDetails" />
		<mapping class="com.pack.entity.FacultyRegistration"/>
		<mapping class="com.pack.entity.BatchAllocation"/>
		<mapping class="com.pack.entity.BatchAllocate"/>
		<mapping class="com.pack.entity.SkillMaster"/>
		<mapping class="com.pack.entity.Module"/>
		
    </session-factory>
</hibernate-configuration>